company_name,website,location,rating,no_reviews,employee_size,category,source,linkedin_url,company_summary,ai_tags
Marketbridge,https://ppc.clutch.co/ppc/click/?s=eyJkZWNpc2lvbl9pZCI6IjMzYWU4MzVmLTFmMDktNDFlYS1hOWI2LTM2YzA3OWM4ZDMzZiIsImltcHJlc3Npb25faWQiOiJhZTY5YmE2ZS1hNjIxLTRmM2EtYjRiMy04MjFlZDI1MDJhM2YiLCJwcm92aWRlcl9pZCI6MTEzNDMwLCJmZWF0dXJlZF9saXN0aW5nX2lkIjo5LCJmZWF0dXJlZF9wb3NpdGlvbl9pZCI6MjM5MzQyLCJwb3NpdGlvbiI6MSwiaXNfc3BvdGxpZ2h0IjpmYWxzZX0:1uNEPA:chY0etbXYZrxA6lr7bhBg3MjDFfOrIc3Gb5txHd8HVw,"Bethesda, MD",5.0,"11
                        
                            reviews",250 - 999,advertising,Clutch,https://www.linkedin.com/company/marketbridge,"Based on the company name, website, and category, Marketbridge is likely a digital marketing agency that specializes in pay-per-click (PPC) advertising services, helping businesses to create and manage effective online ad campaigns to reach their target audience and drive conversions.","['digital-marketing', 'ppc-advertising']"
BrandLume Inc.,https://ppc.clutch.co/ppc/click/?s=eyJkZWNpc2lvbl9pZCI6IjMzYWU4MzVmLTFmMDktNDFlYS1hOWI2LTM2YzA3OWM4ZDMzZiIsImltcHJlc3Npb25faWQiOiIwZmRlYTI1NC1lY2RlLTQ5NDQtYWZmYi1hNTI4NDA2YWU5MTEiLCJwcm92aWRlcl9pZCI6ODkxODM1LCJmZWF0dXJlZF9saXN0aW5nX2lkIjo5LCJmZWF0dXJlZF9wb3NpdGlvbl9pZCI6MjM2NzgwLCJwb3NpdGlvbiI6MiwiaXNfc3BvdGxpZ2h0IjpmYWxzZX0:1uNEPA:H-7OhuEkxAAqxOludaSAIWnzp3UBub0-oHwJj1yRkyI,"Toronto, Canada",5.0,"81
                        
                            reviews",50 - 249,advertising,Clutch,,"Based on its name, website, and category, BrandLume Inc. is likely a digital marketing agency that specializes in pay-per-click (PPC) advertising, helping businesses improve their online visibility and drive conversions through targeted online campaigns.","['digital-marketing', 'ppc-advertising']"
Setsail Marketing,https://ppc.clutch.co/ppc/click/?s=eyJkZWNpc2lvbl9pZCI6IjMzYWU4MzVmLTFmMDktNDFlYS1hOWI2LTM2YzA3OWM4ZDMzZiIsImltcHJlc3Npb25faWQiOiJmYjU0YjVhMC1iZmIxLTQ3ZTUtOThhNS1kZDdmODg5ZTk1ZmEiLCJwcm92aWRlcl9pZCI6MjIwNzY3MywiZmVhdHVyZWRfbGlzdGluZ19pZCI6OSwiZmVhdHVyZWRfcG9zaXRpb25faWQiOjMwODAwNywicG9zaXRpb24iOjMsImlzX3Nwb3RsaWdodCI6ZmFsc2V9:1uNEPA:CEnP5QIsSUDOXV_vQGgYZiK0YK-Lhuk_IQazYhCS-xE,"Vancouver, Canada",5.0,"3
                        
                            reviews",10 - 49,advertising,Clutch,https://ca.linkedin.com/company/setsailmarketing,"Based on its name, website, and category, Setsail Marketing is a digital advertising agency that specializes in pay-per-click (PPC) advertising, helping businesses navigate and optimize their online advertising campaigns to achieve their marketing goals.","['digital-advertising', 'ppc-advertising', 'online-marketing']"
BrandLume Inc.,https://brandlume.com/?utm_source=clutch.co&utm_medium=referral,"Toronto, Canada",5.0,"81
                        
                            reviews",50 - 249,advertising,Clutch,,"Based on its name, website, and category, BrandLume Inc. is a digital marketing agency that specializes in providing comprehensive brand development and advertising services to help clients establish and grow their online presence. The company offers a range of services, including strategy, creative, and media buying, to drive business results and increase brand visibility.","['digital-marketing-agency', 'brand-development', 'online-presence']"
Taoti Creative,https://taoti.com/?utm_medium=referral?utm_medium=referral_profile&utm_source=clutch.co,"Washington, DC",4.9,"15
                        
                            reviews",50 - 249,advertising,Clutch,https://www.linkedin.com/company/taoti-creative-web-design-marketing-&-app-development,"Based on its name, website, and category, Taoti Creative is a full-service advertising agency that crafts innovative and effective marketing strategies, leveraging creative storytelling and cutting-edge technology to drive business growth for its clients.","['advertising-agency', 'marketing-strategies', 'creative-storytelling']"
Hotspex Media,https://ppc.clutch.co/ppc/click/?s=eyJkZWNpc2lvbl9pZCI6IjMzYWU4MzVmLTFmMDktNDFlYS1hOWI2LTM2YzA3OWM4ZDMzZiIsImltcHJlc3Npb25faWQiOiI3NzJmMjM0Zi0yNWExLTQzZjktYTYxNi1lNDA0MGM0YWZhZGUiLCJwcm92aWRlcl9pZCI6MTM2MzMxNCwiZmVhdHVyZWRfbGlzdGluZ19pZCI6OSwiZmVhdHVyZWRfcG9zaXRpb25faWQiOjIzOTg4MiwicG9zaXRpb24iOjQsImlzX3Nwb3RsaWdodCI6ZmFsc2V9:1uNEPA:CCE85IdsORfOvlltCC8n1bsNylS04SkOm_Dgdas7wM0,"Toronto, Canada",4.9,"15
                        
                            reviews",10 - 49,advertising,Clutch,https://ca.linkedin.com/company/hotspex-media-ads,"Based on its name, website, and category, Hotspex Media is a digital advertising agency that specializes in pay-per-click (PPC) advertising, helping businesses drive targeted traffic and maximize their return on investment (ROI) through strategic online advertising efforts.","['digital-advertising', 'pay-per-click', 'online-advertising']"
Digital Natives,https://ppc.clutch.co/ppc/click/?s=eyJkZWNpc2lvbl9pZCI6IjMzYWU4MzVmLTFmMDktNDFlYS1hOWI2LTM2YzA3OWM4ZDMzZiIsImltcHJlc3Npb25faWQiOiI0MTM4M2I5NS1kZjIzLTRmOTgtYTQ1NS1iNjFmYjM0MjViZjUiLCJwcm92aWRlcl9pZCI6MjI1Nzc1MywiZmVhdHVyZWRfbGlzdGluZ19pZCI6OSwiZmVhdHVyZWRfcG9zaXRpb25faWQiOjI4NzA2NCwicG9zaXRpb24iOjUsImlzX3Nwb3RsaWdodCI6ZmFsc2V9:1uNEPA:4Y71bbbezUHRuw1eYJ63-cBc5wHqV_nNqS6XbG1-5qw,,5.0,"10
                        
                            reviews",2 - 9,advertising,Clutch,https://uk.linkedin.com/company/digitalnativescontent,"Based on its name, website, and category, Digital Natives is likely a digital marketing agency that provides pay-per-click (PPC) advertising services to help businesses improve their online presence and drive conversions. They probably offer customized PPC campaigns, ad management, and optimization strategies to help clients reach their target audience and meet their marketing goals.","['digital-marketing', 'ppc-advertising']"
Foxtail Growth,https://ppc.clutch.co/ppc/click/?s=eyJkZWNpc2lvbl9pZCI6IjMzYWU4MzVmLTFmMDktNDFlYS1hOWI2LTM2YzA3OWM4ZDMzZiIsImltcHJlc3Npb25faWQiOiI1Y2Y1NGY4NC1kMmVjLTRkNmEtYTFhYy0xZjUxMzdiYWQyMGQiLCJwcm92aWRlcl9pZCI6MjUwMzgwNCwiZmVhdHVyZWRfbGlzdGluZ19pZCI6OSwiZmVhdHVyZWRfcG9zaXRpb25faWQiOjMwODg4MywicG9zaXRpb24iOjYsImlzX3Nwb3RsaWdodCI6ZmFsc2V9:1uNEPA:YFRfv9oLvQ10ciDIsGcI_4HJqufaIp4Uufd_PYIkdmQ,,5.0,"4
                        
                            reviews",2 - 9,advertising,Clutch,https://www.linkedin.com/company/foxtail-growth,"Based on the company name, website, and category, Foxtail Growth is likely a digital marketing agency that specializes in pay-per-click (PPC) advertising, helping businesses drive growth and revenue through targeted online campaigns. They probably offer services such as campaign creation, ad management, and performance analysis to optimize clients' online advertising efforts.","['digital-marketing', 'ppc-advertising', 'online-advertising']"
MeDM,https://www.medm.ca/b2b-and-industrial-marketing/?utm_source=clutch.co&utm_medium=referral&utm_campaign=agencies,"Calgary, Canada",5.0,"24
                        
                            reviews",10 - 49,advertising,Clutch,https://www.linkedin.com/company/medminc,"Based on its name, website, and category, MeDM is a B2B and industrial marketing agency that helps businesses in the manufacturing, engineering, and industrial sectors develop and execute targeted marketing strategies to reach their target audiences. MeDM likely provides a range of marketing solutions, including digital marketing, content creation, and lead generation, to help industrial companies build brand awareness, drive sales growth.","['b2b', 'industrial-marketing', 'manufacturing-sector']"
Strike Digital,https://www.strikedigital.ie/contact/?utm_source=clutch.co&utm_medium=referral&utm_campaign=directory,"Dublin, Ireland",4.9,"32
                        
                            reviews",10 - 49,advertising,Clutch,https://www.linkedin.com/company/strikedigital,"Based on its name, website, and category, Strike Digital is a digital advertising agency that helps businesses develop and execute online marketing strategies to reach their target audiences and drive results. The company likely offers a range of services, including SEO, social media marketing, and PPC advertising, to help them stand out in the digital landscape.","['digital-advertising-agency', 'marketing-strategies', 'digital-landscape']"
